{
  "ret": true,
  "data": {
    "sightName": "上海迪士尼乐园",
    "bannerImg": "http://img1.qunarzz.com/sight/p0/1607/7c/7cda8b6782dabd80b4.img.jpg_600x330_8572a930.jpg",
    "gallaryImgs": [
      "http://img1.qunarzz.com/sight/p0/1607/7c/7cda8b6782dabd80b4.img.jpg_r_800x800_d6a63068.jpg",
      "http://img1.qunarzz.com/sight/p0/1607/7c/7cda8b6782dabd80b4.img.jpg_r_800x800_d6a63068.jpg"
    ],
    "categoryList": [
      {
        "title": "成人票",
        "children": [
          {
            "title": "成人三馆联票",
            "children": [
              {
                "title": "成人三馆联票-某一连锁店有售"
              },
              {
                "title": "成人五馆联票-某一连锁店有售"
              }
            ]
          },
          {
            "title": "成人五馆联票"
          }
        ]
      },
      {
        "title": "学生票"
      },
      {
        "title": "儿童票"
      },
      {
        "title": "特惠票"
      }
    ]
  }
}
