{
  "ret": true,
  "data": {
    "swiperList": [
      {
        "id": "0001",
        "imgUrl": "http://mp-piao-admincp.qunarzz.com/mp_piao_admin_mp_piao_admin/admin/20198/da3db1d9761f8984fd9c84c4eccf93ee.jpg_750x200_b7f8686a.jpg"
      },
      {
        "id": "0002",
        "imgUrl": "http://mp-piao-admincp.qunarzz.com/mp_piao_admin_mp_piao_admin/admin/20196/01549e224da474a72681614810d07860.jpg_750x200_47325a53.jpg"
      }
    ],
    "iconList": [
      {
        "id": "0001",
        "imgUrl": "http://img1.qunarzz.com/piao/fusion/1803/95/f3dd6c383aeb3b02.png",
        "desc": "景点门票"
      },
      {
        "id": "0002",
        "imgUrl": "http://img1.qunarzz.com/piao/fusion/1803/76/eb88861d78fb9902.png",
        "desc": "动植物园"
      },
      {
        "id": "0003",
        "imgUrl": "http://mp-piao-admincp.qunarzz.com/mp_piao_admin_mp_piao_admin/admin/20194/3ef092d0a89ffddb7f781cda30c8ae49.png",
        "desc": "暑期大促"
      },
      {
        "id": "0004",
        "imgUrl": "http://img1.qunarzz.com/piao/fusion/1803/f5/c4c9d9830404e602.png",
        "desc": "室内娱乐"
      },
      {
        "id": "0005",
        "imgUrl": "http://img1.qunarzz.com/piao/fusion/1804/5a/13ceb38dcf262f02.png",
        "desc": "一日游"
      },
      {
        "id": "0006",
        "imgUrl": "http://img1.qunarzz.com/piao/fusion/1803/3e/86314b2af03b7502.png",
        "desc": "黄浦江游船"
      },
      {
        "id": "0007",
        "imgUrl": "http://img1.qunarzz.com/piao/fusion/1803/47/c2b659e048b11602.png",
        "desc": "上海野生"
      },
      {
        "id": "0008",
        "imgUrl": "http://img1.qunarzz.com/piao/fusion/1803/de/f26be47a6bf02a02.png",
        "desc": "上海迪士尼"
      },
      {
        "id": "0009",
        "imgUrl": "http://img1.qunarzz.com/piao/fusion/1803/95/8246f27355943202.png",
        "desc": "世纪公园"
      }
    ],
    "GroupList": [
      {
        "id": "0001",
        "link": "http://touch.piao.qunar.com/touch/detail.htm?id=457472&amp;from=as_recommend_sight",
        "title": "上海迪士尼乐园",
        "price": "352",
        "imgUrl": "http://img1.qunarzz.com/sight/p0/1607/7c/7cda8b6782dabd80b4.img.jpg_250x250_57ac4faa.jpg",
        "tagimgUrl": "http://img1.qunarzz.com/piao/fusion/1710/ab/159673b63e6ca702.png"
      },
      {
        "id": "0002",
        "link": "http://touch.piao.qunar.com/touch/detail.htm?id=457472&amp;from=as_recommend_sight",
        "title": "上海迪士尼乐园",
        "price": "352",
        "imgUrl": "http://img1.qunarzz.com/sight/p0/1607/7c/7cda8b6782dabd80b4.img.jpg_250x250_57ac4faa.jpg",
        "tagimgUrl": "http://img1.qunarzz.com/piao/fusion/1710/ab/159673b63e6ca702.png"
      },
      {
        "id": "0003",
        "link": "http://touch.piao.qunar.com/touch/detail.htm?id=457472&amp;from=as_recommend_sight",
        "title": "上海迪士尼乐园",
        "price": "352",
        "imgUrl": "http://img1.qunarzz.com/sight/p0/1607/7c/7cda8b6782dabd80b4.img.jpg_250x250_57ac4faa.jpg",
        "tagimgUrl": "http://img1.qunarzz.com/piao/fusion/1710/ab/159673b63e6ca702.png"
      },
      {
        "id": "0004",
        "link": "http://touch.piao.qunar.com/touch/detail.htm?id=457472&amp;from=as_recommend_sight",
        "title": "上海迪士尼乐园",
        "price": "352",
        "imgUrl": "http://img1.qunarzz.com/sight/p0/1607/7c/7cda8b6782dabd80b4.img.jpg_250x250_57ac4faa.jpg",
        "tagimgUrl": "http://img1.qunarzz.com/piao/fusion/1710/ab/159673b63e6ca702.png"
      },
      {
        "id": "0005",
        "link": "http://touch.piao.qunar.com/touch/detail.htm?id=457472&amp;from=as_recommend_sight",
        "title": "上海迪士尼乐园",
        "price": "352",
        "imgUrl": "http://img1.qunarzz.com/sight/p0/1607/7c/7cda8b6782dabd80b4.img.jpg_250x250_57ac4faa.jpg",
        "tagimgUrl": "http://img1.qunarzz.com/piao/fusion/1710/ab/159673b63e6ca702.png"
      },
      {
        "id": "0006",
        "link": "http://touch.piao.qunar.com/touch/detail.htm?id=457472&amp;from=as_recommend_sight",
        "title": "上海迪士尼乐园",
        "price": "352",
        "imgUrl": "http://img1.qunarzz.com/sight/p0/1607/7c/7cda8b6782dabd80b4.img.jpg_250x250_57ac4faa.jpg",
        "tagimgUrl": "http://img1.qunarzz.com/piao/fusion/1710/ab/159673b63e6ca702.png"
      },
      {
        "id": "0007",
        "link": "http://touch.piao.qunar.com/touch/detail.htm?id=457472&amp;from=as_recommend_sight",
        "title": "上海迪士尼乐园",
        "price": "352",
        "imgUrl": "http://img1.qunarzz.com/sight/p0/1607/7c/7cda8b6782dabd80b4.img.jpg_250x250_57ac4faa.jpg",
        "tagimgUrl": "http://img1.qunarzz.com/piao/fusion/1710/ab/159673b63e6ca702.png"
      }
    ],
    "recommendList": [
      {
        "id": "0001",
        "imgUrl": "http://img1.qunarzz.com/sight/p0/1607/7c/7cda8b6782dabd80b4.img.jpg_200x200_2039e660.jpg",
        "title": "上海迪士尼乐园",
        "desc": "全球最大的迪士尼城堡"
      },
      {
        "id": "0002",
        "imgUrl": "http://img1.qunarzz.com/sight/p0/1607/7c/7cda8b6782dabd80b4.img.jpg_200x200_2039e660.jpg",
        "title": "上海迪士尼乐园",
        "desc": "全球最大的迪士尼城堡"
      },
      {
        "id": "0003",
        "imgUrl": "http://img1.qunarzz.com/sight/p0/1607/7c/7cda8b6782dabd80b4.img.jpg_200x200_2039e660.jpg",
        "title": "上海迪士尼乐园",
        "desc": "全球最大的迪士尼城堡"
      },
      {
        "id": "0004",
        "imgUrl": "http://img1.qunarzz.com/sight/p0/1607/7c/7cda8b6782dabd80b4.img.jpg_200x200_2039e660.jpg",
        "title": "上海迪士尼乐园",
        "desc": "全球最大的迪士尼城堡"
      }
    ],
    "weekendList": [
      {
        "id": "0001",
        "imgUrl": "http://img1.qunarzz.com/sight/source/1811/f3/86173f863bef61.jpg_r_640x214_52b003ac.jpg",
        "title": "上海迪士尼乐园",
        "desc": "全球最大的迪士尼城堡"
      },
      {
        "id": "0002",
        "imgUrl": "http://img1.qunarzz.com/sight/source/1811/f3/86173f863bef61.jpg_r_640x214_52b003ac.jpg",
        "title": "上海迪士尼乐园",
        "desc": "全球最大的迪士尼城堡"
      },
      {
        "id": "0003",
        "imgUrl": "http://img1.qunarzz.com/sight/source/1811/f3/86173f863bef61.jpg_r_640x214_52b003ac.jpg",
        "title": "上海迪士尼乐园",
        "desc": "全球最大的迪士尼城堡"
      },
      {
        "id": "0004",
        "imgUrl": "http://img1.qunarzz.com/sight/source/1811/f3/86173f863bef61.jpg_r_640x214_52b003ac.jpg",
        "title": "上海迪士尼乐园",
        "desc": "全球最大的迪士尼城堡"
      }
    ]
  }
}
